"Partei: Nr","Partei:Kurzbezeichnung","Partei: Name","Thesen: Nr.","These: These","Position: Position","Position: Begründung"
1,"CDU / CSU","Christlich Demokratische Union Deutschlands / Christlich-Soziale Union in Bayern e.V.",1,"Bei der Terrorismusbekämpfung soll die Bundeswehr im Inland eingesetzt werden dürfen. ","stimmt zu","Keine Begründung"
2,"SPD","Sozialdemokratische Partei Deutschlands",1,"Bei der Terrorismusbekämpfung soll die Bundeswehr im Inland eingesetzt werden dürfen. ","stimmt nicht zu","Keine Begründung"
3,"AfD","Alternative für Deutschland",1,"Bei der Terrorismusbekämpfung soll die Bundeswehr im Inland eingesetzt werden dürfen. ","stimmt nicht zu","Keine Begründung"
4,"FDP","Freie Demokratische Partei",1,"Bei der Terrorismusbekämpfung soll die Bundeswehr im Inland eingesetzt werden dürfen. ","stimmt nicht zu","Keine Begründung"
5,"DIE LINKE","DIE LINKE",1,"Bei der Terrorismusbekämpfung soll die Bundeswehr im Inland eingesetzt werden dürfen. ","stimmt nicht zu","Keine Begründung"
6,"GRÜNE","BÜNDNIS 90/DIE GRÜNEN",1,"Bei der Terrorismusbekämpfung soll die Bundeswehr im Inland eingesetzt werden dürfen. ","stimmt nicht zu","Keine Begründung"
1,"CDU / CSU","Christlich Demokratische Union Deutschlands / Christlich-Soziale Union in Bayern e.V.",2,"Dieselkraftstoff für Pkw soll höher besteuert werden.","stimmt nicht zu","Keine Begründung"
2,"SPD","Sozialdemokratische Partei Deutschlands",2,"Dieselkraftstoff für Pkw soll höher besteuert werden.","stimmt nicht zu","Keine Begründung"
3,"AfD","Alternative für Deutschland",2,"Dieselkraftstoff für Pkw soll höher besteuert werden.","stimmt nicht zu","Keine Begründung"
4,"FDP","Freie Demokratische Partei",2,"Dieselkraftstoff für Pkw soll höher besteuert werden.","stimmt nicht zu","Keine Begründung"
5,"DIE LINKE","DIE LINKE",2,"Dieselkraftstoff für Pkw soll höher besteuert werden.","stimmt zu","Keine Begründung"
6,"GRÜNE","BÜNDNIS 90/DIE GRÜNEN",2,"Dieselkraftstoff für Pkw soll höher besteuert werden.","stimmt zu","Keine Begründung"
1,"CDU / CSU","Christlich Demokratische Union Deutschlands / Christlich-Soziale Union in Bayern e.V.",3,"Für die Aufnahme von neuen Asylsuchenden soll eine jährliche Obergrenze gelten.","neutral","Keine Begründung"
2,"SPD","Sozialdemokratische Partei Deutschlands",3,"Für die Aufnahme von neuen Asylsuchenden soll eine jährliche Obergrenze gelten.","stimmt nicht zu","Keine Begründung"
3,"AfD","Alternative für Deutschland",3,"Für die Aufnahme von neuen Asylsuchenden soll eine jährliche Obergrenze gelten.","stimmt zu","Keine Begründung"
4,"FDP","Freie Demokratische Partei",3,"Für die Aufnahme von neuen Asylsuchenden soll eine jährliche Obergrenze gelten.","stimmt nicht zu","Keine Begründung"
5,"DIE LINKE","DIE LINKE",3,"Für die Aufnahme von neuen Asylsuchenden soll eine jährliche Obergrenze gelten.","stimmt nicht zu","Keine Begründung"
6,"GRÜNE","BÜNDNIS 90/DIE GRÜNEN",3,"Für die Aufnahme von neuen Asylsuchenden soll eine jährliche Obergrenze gelten.","stimmt nicht zu","Keine Begründung"
1,"CDU / CSU","Christlich Demokratische Union Deutschlands / Christlich-Soziale Union in Bayern e.V.",4,"Der Ausbau erneuerbarer Energien soll vom Bund dauerhaft finanziell gefördert werden. ","stimmt nicht zu","Keine Begründung"
2,"SPD","Sozialdemokratische Partei Deutschlands",4,"Der Ausbau erneuerbarer Energien soll vom Bund dauerhaft finanziell gefördert werden. ","stimmt zu","Keine Begründung"
3,"AfD","Alternative für Deutschland",4,"Der Ausbau erneuerbarer Energien soll vom Bund dauerhaft finanziell gefördert werden. ","stimmt nicht zu","Keine Begründung"
4,"FDP","Freie Demokratische Partei",4,"Der Ausbau erneuerbarer Energien soll vom Bund dauerhaft finanziell gefördert werden. ","stimmt nicht zu","Keine Begründung"
5,"DIE LINKE","DIE LINKE",4,"Der Ausbau erneuerbarer Energien soll vom Bund dauerhaft finanziell gefördert werden. ","stimmt zu","Keine Begründung"
6,"GRÜNE","BÜNDNIS 90/DIE GRÜNEN",4,"Der Ausbau erneuerbarer Energien soll vom Bund dauerhaft finanziell gefördert werden. ","stimmt zu","Keine Begründung"
1,"CDU / CSU","Christlich Demokratische Union Deutschlands / Christlich-Soziale Union in Bayern e.V.",5,"Der Bund soll mehr Mittel für den sozialen Wohnungsbau bereitstellen.","stimmt zu","Keine Begründung"
2,"SPD","Sozialdemokratische Partei Deutschlands",5,"Der Bund soll mehr Mittel für den sozialen Wohnungsbau bereitstellen.","stimmt zu","Keine Begründung"
3,"AfD","Alternative für Deutschland",5,"Der Bund soll mehr Mittel für den sozialen Wohnungsbau bereitstellen.","stimmt nicht zu","Keine Begründung"
4,"FDP","Freie Demokratische Partei",5,"Der Bund soll mehr Mittel für den sozialen Wohnungsbau bereitstellen.","stimmt nicht zu","Keine Begründung"
5,"DIE LINKE","DIE LINKE",5,"Der Bund soll mehr Mittel für den sozialen Wohnungsbau bereitstellen.","stimmt zu","Keine Begründung"
6,"GRÜNE","BÜNDNIS 90/DIE GRÜNEN",5,"Der Bund soll mehr Mittel für den sozialen Wohnungsbau bereitstellen.","stimmt zu","Keine Begründung"
1,"CDU / CSU","Christlich Demokratische Union Deutschlands / Christlich-Soziale Union in Bayern e.V.",6,"BAföG soll generell unabhängig vom Einkommen der Eltern gezahlt werden. ","stimmt nicht zu","Keine Begründung"
2,"SPD","Sozialdemokratische Partei Deutschlands",6,"BAföG soll generell unabhängig vom Einkommen der Eltern gezahlt werden. ","neutral","Keine Begründung"
3,"AfD","Alternative für Deutschland",6,"BAföG soll generell unabhängig vom Einkommen der Eltern gezahlt werden. ","stimmt zu","Keine Begründung"
4,"FDP","Freie Demokratische Partei",6,"BAföG soll generell unabhängig vom Einkommen der Eltern gezahlt werden. ","stimmt zu","Keine Begründung"
5,"DIE LINKE","DIE LINKE",6,"BAföG soll generell unabhängig vom Einkommen der Eltern gezahlt werden. ","stimmt zu","Keine Begründung"
6,"GRÜNE","BÜNDNIS 90/DIE GRÜNEN",6,"BAföG soll generell unabhängig vom Einkommen der Eltern gezahlt werden. ","stimmt zu","Keine Begründung"
1,"CDU / CSU","Christlich Demokratische Union Deutschlands / Christlich-Soziale Union in Bayern e.V.",7,"Die Videoüberwachung im öffentlichen Raum soll ausgeweitet werden. ","stimmt zu","Keine Begründung"
2,"SPD","Sozialdemokratische Partei Deutschlands",7,"Die Videoüberwachung im öffentlichen Raum soll ausgeweitet werden. ","stimmt zu","Keine Begründung"
3,"AfD","Alternative für Deutschland",7,"Die Videoüberwachung im öffentlichen Raum soll ausgeweitet werden. ","stimmt zu","Keine Begründung"
4,"FDP","Freie Demokratische Partei",7,"Die Videoüberwachung im öffentlichen Raum soll ausgeweitet werden. ","neutral","Keine Begründung"
5,"DIE LINKE","DIE LINKE",7,"Die Videoüberwachung im öffentlichen Raum soll ausgeweitet werden. ","stimmt nicht zu","Keine Begründung"
6,"GRÜNE","BÜNDNIS 90/DIE GRÜNEN",7,"Die Videoüberwachung im öffentlichen Raum soll ausgeweitet werden. ","stimmt nicht zu","Keine Begründung"
1,"CDU / CSU","Christlich Demokratische Union Deutschlands / Christlich-Soziale Union in Bayern e.V.",8,"Deutschland soll einem Schuldenschnitt für Griechenland zustimmen. ","stimmt nicht zu","Keine Begründung"
2,"SPD","Sozialdemokratische Partei Deutschlands",8,"Deutschland soll einem Schuldenschnitt für Griechenland zustimmen. ","neutral","Keine Begründung"
3,"AfD","Alternative für Deutschland",8,"Deutschland soll einem Schuldenschnitt für Griechenland zustimmen. ","stimmt nicht zu","Keine Begründung"
4,"FDP","Freie Demokratische Partei",8,"Deutschland soll einem Schuldenschnitt für Griechenland zustimmen. ","stimmt nicht zu","Keine Begründung"
5,"DIE LINKE","DIE LINKE",8,"Deutschland soll einem Schuldenschnitt für Griechenland zustimmen. ","stimmt zu","Keine Begründung"
6,"GRÜNE","BÜNDNIS 90/DIE GRÜNEN",8,"Deutschland soll einem Schuldenschnitt für Griechenland zustimmen. ","stimmt zu","Keine Begründung"
1,"CDU / CSU","Christlich Demokratische Union Deutschlands / Christlich-Soziale Union in Bayern e.V.",9,"Generelles Tempolimit auf Autobahnen!","stimmt nicht zu","Keine Begründung"
2,"SPD","Sozialdemokratische Partei Deutschlands",9,"Generelles Tempolimit auf Autobahnen!","stimmt nicht zu","Keine Begründung"
3,"AfD","Alternative für Deutschland",9,"Generelles Tempolimit auf Autobahnen!","stimmt nicht zu","Keine Begründung"
4,"FDP","Freie Demokratische Partei",9,"Generelles Tempolimit auf Autobahnen!","stimmt nicht zu","Keine Begründung"
5,"DIE LINKE","DIE LINKE",9,"Generelles Tempolimit auf Autobahnen!","stimmt zu","Keine Begründung"
6,"GRÜNE","BÜNDNIS 90/DIE GRÜNEN",9,"Generelles Tempolimit auf Autobahnen!","stimmt zu","Keine Begründung"
1,"CDU / CSU","Christlich Demokratische Union Deutschlands / Christlich-Soziale Union in Bayern e.V.",10,"Die Verteidigungsausgaben Deutschlands sollen erhöht werden. ","stimmt zu","Keine Begründung"
2,"SPD","Sozialdemokratische Partei Deutschlands",10,"Die Verteidigungsausgaben Deutschlands sollen erhöht werden. ","neutral","Keine Begründung"
3,"AfD","Alternative für Deutschland",10,"Die Verteidigungsausgaben Deutschlands sollen erhöht werden. ","stimmt zu","Keine Begründung"
4,"FDP","Freie Demokratische Partei",10,"Die Verteidigungsausgaben Deutschlands sollen erhöht werden. ","stimmt zu","Keine Begründung"
5,"DIE LINKE","DIE LINKE",10,"Die Verteidigungsausgaben Deutschlands sollen erhöht werden. ","stimmt nicht zu","Keine Begründung"
6,"GRÜNE","BÜNDNIS 90/DIE GRÜNEN",10,"Die Verteidigungsausgaben Deutschlands sollen erhöht werden. ","stimmt nicht zu","Keine Begründung"
1,"CDU / CSU","Christlich Demokratische Union Deutschlands / Christlich-Soziale Union in Bayern e.V.",11,"Betreiber von Internetseiten sollen gesetzlich dazu verpflichtet sein, Falschinformationen (“Fake News”) zu löschen, auf die sie hingewiesen wurden. ","stimmt zu","Keine Begründung"
2,"SPD","Sozialdemokratische Partei Deutschlands",11,"Betreiber von Internetseiten sollen gesetzlich dazu verpflichtet sein, Falschinformationen (“Fake News”) zu löschen, auf die sie hingewiesen wurden. ","stimmt zu","Keine Begründung"
3,"AfD","Alternative für Deutschland",11,"Betreiber von Internetseiten sollen gesetzlich dazu verpflichtet sein, Falschinformationen (“Fake News”) zu löschen, auf die sie hingewiesen wurden. ","stimmt nicht zu","Keine Begründung"
4,"FDP","Freie Demokratische Partei",11,"Betreiber von Internetseiten sollen gesetzlich dazu verpflichtet sein, Falschinformationen (“Fake News”) zu löschen, auf die sie hingewiesen wurden. ","stimmt nicht zu","Keine Begründung"
5,"DIE LINKE","DIE LINKE",11,"Betreiber von Internetseiten sollen gesetzlich dazu verpflichtet sein, Falschinformationen (“Fake News”) zu löschen, auf die sie hingewiesen wurden. ","stimmt nicht zu","Keine Begründung"
6,"GRÜNE","BÜNDNIS 90/DIE GRÜNEN",11,"Betreiber von Internetseiten sollen gesetzlich dazu verpflichtet sein, Falschinformationen (“Fake News”) zu löschen, auf die sie hingewiesen wurden. ","stimmt zu","Keine Begründung"
1,"CDU / CSU","Christlich Demokratische Union Deutschlands / Christlich-Soziale Union in Bayern e.V.",12,"Ökologische Landwirtschaft soll stärker gefördert werden als konventionelle Landwirtschaft. ","neutral","Keine Begründung"
2,"SPD","Sozialdemokratische Partei Deutschlands",12,"Ökologische Landwirtschaft soll stärker gefördert werden als konventionelle Landwirtschaft. ","stimmt nicht zu","Keine Begründung"
3,"AfD","Alternative für Deutschland",12,"Ökologische Landwirtschaft soll stärker gefördert werden als konventionelle Landwirtschaft. ","stimmt zu","Keine Begründung"
4,"FDP","Freie Demokratische Partei",12,"Ökologische Landwirtschaft soll stärker gefördert werden als konventionelle Landwirtschaft. ","stimmt nicht zu","Keine Begründung"
5,"DIE LINKE","DIE LINKE",12,"Ökologische Landwirtschaft soll stärker gefördert werden als konventionelle Landwirtschaft. ","stimmt zu","Keine Begründung"
6,"GRÜNE","BÜNDNIS 90/DIE GRÜNEN",12,"Ökologische Landwirtschaft soll stärker gefördert werden als konventionelle Landwirtschaft. ","stimmt zu","Keine Begründung"
1,"CDU / CSU","Christlich Demokratische Union Deutschlands / Christlich-Soziale Union in Bayern e.V.",13,"Kindergeld soll nur an deutsche Familien ausgezahlt werden.","stimmt nicht zu","Keine Begründung"
2,"SPD","Sozialdemokratische Partei Deutschlands",13,"Kindergeld soll nur an deutsche Familien ausgezahlt werden.","stimmt nicht zu","Keine Begründung"
3,"AfD","Alternative für Deutschland",13,"Kindergeld soll nur an deutsche Familien ausgezahlt werden.","stimmt nicht zu","Keine Begründung"
4,"FDP","Freie Demokratische Partei",13,"Kindergeld soll nur an deutsche Familien ausgezahlt werden.","stimmt nicht zu","Keine Begründung"
5,"DIE LINKE","DIE LINKE",13,"Kindergeld soll nur an deutsche Familien ausgezahlt werden.","stimmt nicht zu","Keine Begründung"
6,"GRÜNE","BÜNDNIS 90/DIE GRÜNEN",13,"Kindergeld soll nur an deutsche Familien ausgezahlt werden.","stimmt nicht zu","Keine Begründung"
1,"CDU / CSU","Christlich Demokratische Union Deutschlands / Christlich-Soziale Union in Bayern e.V.",14,"Arbeitsverträge sollen weiterhin ohne Angabe von Gründen befristet sein dürfen.","stimmt zu","Keine Begründung"
2,"SPD","Sozialdemokratische Partei Deutschlands",14,"Arbeitsverträge sollen weiterhin ohne Angabe von Gründen befristet sein dürfen.","stimmt nicht zu","Keine Begründung"
3,"AfD","Alternative für Deutschland",14,"Arbeitsverträge sollen weiterhin ohne Angabe von Gründen befristet sein dürfen.","neutral","Keine Begründung"
4,"FDP","Freie Demokratische Partei",14,"Arbeitsverträge sollen weiterhin ohne Angabe von Gründen befristet sein dürfen.","stimmt zu","Keine Begründung"
5,"DIE LINKE","DIE LINKE",14,"Arbeitsverträge sollen weiterhin ohne Angabe von Gründen befristet sein dürfen.","stimmt nicht zu","Keine Begründung"
6,"GRÜNE","BÜNDNIS 90/DIE GRÜNEN",14,"Arbeitsverträge sollen weiterhin ohne Angabe von Gründen befristet sein dürfen.","stimmt nicht zu","Keine Begründung"
1,"CDU / CSU","Christlich Demokratische Union Deutschlands / Christlich-Soziale Union in Bayern e.V.",15,"Kinder sollen gegen ansteckende Krankheiten geimpft werden müssen.","stimmt zu","Keine Begründung"
2,"SPD","Sozialdemokratische Partei Deutschlands",15,"Kinder sollen gegen ansteckende Krankheiten geimpft werden müssen.","stimmt nicht zu","Keine Begründung"
3,"AfD","Alternative für Deutschland",15,"Kinder sollen gegen ansteckende Krankheiten geimpft werden müssen.","stimmt nicht zu","Keine Begründung"
4,"FDP","Freie Demokratische Partei",15,"Kinder sollen gegen ansteckende Krankheiten geimpft werden müssen.","stimmt zu","Keine Begründung"
5,"DIE LINKE","DIE LINKE",15,"Kinder sollen gegen ansteckende Krankheiten geimpft werden müssen.","stimmt nicht zu","Keine Begründung"
6,"GRÜNE","BÜNDNIS 90/DIE GRÜNEN",15,"Kinder sollen gegen ansteckende Krankheiten geimpft werden müssen.","stimmt nicht zu","Keine Begründung"
1,"CDU / CSU","Christlich Demokratische Union Deutschlands / Christlich-Soziale Union in Bayern e.V.",16,"Alle Banken sollen verstaatlicht werden. ","stimmt nicht zu","Keine Begründung"
2,"SPD","Sozialdemokratische Partei Deutschlands",16,"Alle Banken sollen verstaatlicht werden. ","stimmt nicht zu","Keine Begründung"
3,"AfD","Alternative für Deutschland",16,"Alle Banken sollen verstaatlicht werden. ","stimmt nicht zu","Keine Begründung"
4,"FDP","Freie Demokratische Partei",16,"Alle Banken sollen verstaatlicht werden. ","stimmt nicht zu","Keine Begründung"
5,"DIE LINKE","DIE LINKE",16,"Alle Banken sollen verstaatlicht werden. ","stimmt nicht zu","Keine Begründung"
6,"GRÜNE","BÜNDNIS 90/DIE GRÜNEN",16,"Alle Banken sollen verstaatlicht werden. ","stimmt nicht zu","Keine Begründung"
1,"CDU / CSU","Christlich Demokratische Union Deutschlands / Christlich-Soziale Union in Bayern e.V.",17,"Der Völkermord an den europäischen Juden soll weiterhin zentraler Bestandteil der deutschen Erinnerungskultur sein. ","stimmt zu","Keine Begründung"
2,"SPD","Sozialdemokratische Partei Deutschlands",17,"Der Völkermord an den europäischen Juden soll weiterhin zentraler Bestandteil der deutschen Erinnerungskultur sein. ","stimmt zu","Keine Begründung"
3,"AfD","Alternative für Deutschland",17,"Der Völkermord an den europäischen Juden soll weiterhin zentraler Bestandteil der deutschen Erinnerungskultur sein. ","stimmt zu","Keine Begründung"
4,"FDP","Freie Demokratische Partei",17,"Der Völkermord an den europäischen Juden soll weiterhin zentraler Bestandteil der deutschen Erinnerungskultur sein. ","stimmt zu","Keine Begründung"
5,"DIE LINKE","DIE LINKE",17,"Der Völkermord an den europäischen Juden soll weiterhin zentraler Bestandteil der deutschen Erinnerungskultur sein. ","stimmt zu","Keine Begründung"
6,"GRÜNE","BÜNDNIS 90/DIE GRÜNEN",17,"Der Völkermord an den europäischen Juden soll weiterhin zentraler Bestandteil der deutschen Erinnerungskultur sein. ","stimmt zu","Keine Begründung"
1,"CDU / CSU","Christlich Demokratische Union Deutschlands / Christlich-Soziale Union in Bayern e.V.",18,"Haushaltsüberschüsse sollen überwiegend zum Abbau von Staatsschulden verwendet werden. ","neutral","Keine Begründung"
2,"SPD","Sozialdemokratische Partei Deutschlands",18,"Haushaltsüberschüsse sollen überwiegend zum Abbau von Staatsschulden verwendet werden. ","stimmt nicht zu","Keine Begründung"
3,"AfD","Alternative für Deutschland",18,"Haushaltsüberschüsse sollen überwiegend zum Abbau von Staatsschulden verwendet werden. ","stimmt zu","Keine Begründung"
4,"FDP","Freie Demokratische Partei",18,"Haushaltsüberschüsse sollen überwiegend zum Abbau von Staatsschulden verwendet werden. ","stimmt zu","Keine Begründung"
5,"DIE LINKE","DIE LINKE",18,"Haushaltsüberschüsse sollen überwiegend zum Abbau von Staatsschulden verwendet werden. ","stimmt nicht zu","Keine Begründung"
6,"GRÜNE","BÜNDNIS 90/DIE GRÜNEN",18,"Haushaltsüberschüsse sollen überwiegend zum Abbau von Staatsschulden verwendet werden. ","stimmt nicht zu","Keine Begründung"
1,"CDU / CSU","Christlich Demokratische Union Deutschlands / Christlich-Soziale Union in Bayern e.V.",19,"Die Gesamtzahl der Nutztiere in den landwirtschaftlichen Betrieben einer Gemeinde soll begrenzt werden können. ","neutral","Keine Begründung"
2,"SPD","Sozialdemokratische Partei Deutschlands",19,"Die Gesamtzahl der Nutztiere in den landwirtschaftlichen Betrieben einer Gemeinde soll begrenzt werden können. ","stimmt zu","Keine Begründung"
3,"AfD","Alternative für Deutschland",19,"Die Gesamtzahl der Nutztiere in den landwirtschaftlichen Betrieben einer Gemeinde soll begrenzt werden können. ","stimmt zu","Keine Begründung"
4,"FDP","Freie Demokratische Partei",19,"Die Gesamtzahl der Nutztiere in den landwirtschaftlichen Betrieben einer Gemeinde soll begrenzt werden können. ","stimmt nicht zu","Keine Begründung"
5,"DIE LINKE","DIE LINKE",29,"Die Gesamtzahl der Nutztiere in den landwirtschaftlichen Betrieben einer Gemeinde soll begrenzt werden können. ","stimmt zu","Keine Begründung"
6,"GRÜNE","BÜNDNIS 90/DIE GRÜNEN",19,"Die Gesamtzahl der Nutztiere in den landwirtschaftlichen Betrieben einer Gemeinde soll begrenzt werden können. ","stimmt zu","Keine Begründung"
1,"CDU / CSU","Christlich Demokratische Union Deutschlands / Christlich-Soziale Union in Bayern e.V.",20,"In Deutschland soll auch zukünftig Braunkohle abgebaut werden dürfen.","neutral","Keine Begründung"
2,"SPD","Sozialdemokratische Partei Deutschlands",20,"In Deutschland soll auch zukünftig Braunkohle abgebaut werden dürfen.","stimmt zu","Keine Begründung"
3,"AfD","Alternative für Deutschland",20,"In Deutschland soll auch zukünftig Braunkohle abgebaut werden dürfen.","stimmt zu","Keine Begründung"
4,"FDP","Freie Demokratische Partei",20,"In Deutschland soll auch zukünftig Braunkohle abgebaut werden dürfen.","stimmt zu","Keine Begründung"
5,"DIE LINKE","DIE LINKE",20,"In Deutschland soll auch zukünftig Braunkohle abgebaut werden dürfen.","stimmt nicht zu","Keine Begründung"
6,"GRÜNE","BÜNDNIS 90/DIE GRÜNEN",20,"In Deutschland soll auch zukünftig Braunkohle abgebaut werden dürfen.","stimmt nicht zu","Keine Begründung"
1,"CDU / CSU","Christlich Demokratische Union Deutschlands / Christlich-Soziale Union in Bayern e.V.",21,"Unternehmen sollen weiterhin Leiharbeiterinnen und Leiharbeiter beschäftigen dürfen.","stimmt zu","Keine Begründung"
2,"SPD","Sozialdemokratische Partei Deutschlands",21,"Unternehmen sollen weiterhin Leiharbeiterinnen und Leiharbeiter beschäftigen dürfen.","stimmt zu","Keine Begründung"
3,"AfD","Alternative für Deutschland",21,"Unternehmen sollen weiterhin Leiharbeiterinnen und Leiharbeiter beschäftigen dürfen.","neutral","Keine Begründung"
4,"FDP","Freie Demokratische Partei",21,"Unternehmen sollen weiterhin Leiharbeiterinnen und Leiharbeiter beschäftigen dürfen.","stimmt zu","Keine Begründung"
5,"DIE LINKE","DIE LINKE",21,"Unternehmen sollen weiterhin Leiharbeiterinnen und Leiharbeiter beschäftigen dürfen.","stimmt nicht zu","Keine Begründung"
6,"GRÜNE","BÜNDNIS 90/DIE GRÜNEN",21,"Unternehmen sollen weiterhin Leiharbeiterinnen und Leiharbeiter beschäftigen dürfen.","stimmt zu","Keine Begründung"
1,"CDU / CSU","Christlich Demokratische Union Deutschlands / Christlich-Soziale Union in Bayern e.V.",22,"In Deutschland geborene und aufgewachsene Kinder ausländischer Eltern sollen weiterhin neben der deutschen ihre zweite Staatsangehörigkeit behalten dürfen.","neutral","Keine Begründung"
2,"SPD","Sozialdemokratische Partei Deutschlands",22,"In Deutschland geborene und aufgewachsene Kinder ausländischer Eltern sollen weiterhin neben der deutschen ihre zweite Staatsangehörigkeit behalten dürfen.","stimmt zu","Keine Begründung"
3,"AfD","Alternative für Deutschland",22,"In Deutschland geborene und aufgewachsene Kinder ausländischer Eltern sollen weiterhin neben der deutschen ihre zweite Staatsangehörigkeit behalten dürfen.","stimmt nicht zu","Keine Begründung"
4,"FDP","Freie Demokratische Partei",22,"In Deutschland geborene und aufgewachsene Kinder ausländischer Eltern sollen weiterhin neben der deutschen ihre zweite Staatsangehörigkeit behalten dürfen.","stimmt zu","Keine Begründung"
5,"DIE LINKE","DIE LINKE",22,"In Deutschland geborene und aufgewachsene Kinder ausländischer Eltern sollen weiterhin neben der deutschen ihre zweite Staatsangehörigkeit behalten dürfen.","stimmt zu","Keine Begründung"
6,"GRÜNE","BÜNDNIS 90/DIE GRÜNEN",22,"In Deutschland geborene und aufgewachsene Kinder ausländischer Eltern sollen weiterhin neben der deutschen ihre zweite Staatsangehörigkeit behalten dürfen.","stimmt zu","Keine Begründung"
1,"CDU / CSU","Christlich Demokratische Union Deutschlands / Christlich-Soziale Union in Bayern e.V.",23,"Bereits nach 40 Beitragsjahren soll der Renteneintritt abschlagsfrei möglich sein.","stimmt nicht zu","Keine Begründung"
2,"SPD","Sozialdemokratische Partei Deutschlands",23,"Bereits nach 40 Beitragsjahren soll der Renteneintritt abschlagsfrei möglich sein.","stimmt nicht zu","Keine Begründung"
3,"AfD","Alternative für Deutschland",23,"Bereits nach 40 Beitragsjahren soll der Renteneintritt abschlagsfrei möglich sein.","neutral","Keine Begründung"
4,"FDP","Freie Demokratische Partei",23,"Bereits nach 40 Beitragsjahren soll der Renteneintritt abschlagsfrei möglich sein.","neutral","Keine Begründung"
5,"DIE LINKE","DIE LINKE",23,"Bereits nach 40 Beitragsjahren soll der Renteneintritt abschlagsfrei möglich sein.","stimmt zu","Keine Begründung"
6,"GRÜNE","BÜNDNIS 90/DIE GRÜNEN",23,"Bereits nach 40 Beitragsjahren soll der Renteneintritt abschlagsfrei möglich sein.","stimmt nicht zu","Keine Begründung"
1,"CDU / CSU","Christlich Demokratische Union Deutschlands / Christlich-Soziale Union in Bayern e.V.",24,"Deutschland soll zu einer nationalen Währung zurückkehren.","stimmt nicht zu","Keine Begründung"
2,"SPD","Sozialdemokratische Partei Deutschlands",24,"Deutschland soll zu einer nationalen Währung zurückkehren.","stimmt nicht zu","Keine Begründung"
3,"AfD","Alternative für Deutschland",24,"Deutschland soll zu einer nationalen Währung zurückkehren.","stimmt zu","Keine Begründung"
4,"FDP","Freie Demokratische Partei",24,"Deutschland soll zu einer nationalen Währung zurückkehren.","stimmt nicht zu","Keine Begründung"
5,"DIE LINKE","DIE LINKE",24,"Deutschland soll zu einer nationalen Währung zurückkehren.","stimmt nicht zu","Keine Begründung"
6,"GRÜNE","BÜNDNIS 90/DIE GRÜNEN",24,"Deutschland soll zu einer nationalen Währung zurückkehren.","stimmt nicht zu","Keine Begründung"
1,"CDU / CSU","Christlich Demokratische Union Deutschlands / Christlich-Soziale Union in Bayern e.V.",25,"Die Frauenquote für die Aufsichtsräte börsennotierter Unternehmen soll abgeschafft werden.","stimmt nicht zu","Keine Begründung"
2,"SPD","Sozialdemokratische Partei Deutschlands",25,"Die Frauenquote für die Aufsichtsräte börsennotierter Unternehmen soll abgeschafft werden.","stimmt nicht zu","Keine Begründung"
3,"AfD","Alternative für Deutschland",25,"Die Frauenquote für die Aufsichtsräte börsennotierter Unternehmen soll abgeschafft werden.","stimmt zu","Keine Begründung"
4,"FDP","Freie Demokratische Partei",25,"Die Frauenquote für die Aufsichtsräte börsennotierter Unternehmen soll abgeschafft werden.","stimmt zu","Keine Begründung"
5,"DIE LINKE","DIE LINKE",25,"Die Frauenquote für die Aufsichtsräte börsennotierter Unternehmen soll abgeschafft werden.","stimmt nicht zu","Keine Begründung"
6,"GRÜNE","BÜNDNIS 90/DIE GRÜNEN",25,"Die Frauenquote für die Aufsichtsräte börsennotierter Unternehmen soll abgeschafft werden.","stimmt nicht zu","Keine Begründung"
1,"CDU / CSU","Christlich Demokratische Union Deutschlands / Christlich-Soziale Union in Bayern e.V.",26,"Hohe Vermögen sollen besteuert werden.","neutral","Keine Begründung"
2,"SPD","Sozialdemokratische Partei Deutschlands",26,"Hohe Vermögen sollen besteuert werden.","neutral","Keine Begründung"
3,"AfD","Alternative für Deutschland",26,"Hohe Vermögen sollen besteuert werden.","stimmt nicht zu","Keine Begründung"
4,"FDP","Freie Demokratische Partei",26,"Hohe Vermögen sollen besteuert werden.","stimmt nicht zu","Keine Begründung"
5,"DIE LINKE","DIE LINKE",26,"Hohe Vermögen sollen besteuert werden.","stimmt zu","Keine Begründung"
6,"GRÜNE","BÜNDNIS 90/DIE GRÜNEN",26,"Hohe Vermögen sollen besteuert werden.","stimmt zu","Keine Begründung"
1,"CDU / CSU","Christlich Demokratische Union Deutschlands / Christlich-Soziale Union in Bayern e.V.",27,"Für die begangenen Straftaten sollen auch Kinder unter 14 Jahren verurteilt werden können.","stimmt nicht zu","Keine Begründung"
2,"SPD","Sozialdemokratische Partei Deutschlands",27,"Für die begangenen Straftaten sollen auch Kinder unter 14 Jahren verurteilt werden können.","stimmt nicht zu","Keine Begründung"
3,"AfD","Alternative für Deutschland",27,"Für die begangenen Straftaten sollen auch Kinder unter 14 Jahren verurteilt werden können.","stimmt zu","Keine Begründung"
4,"FDP","Freie Demokratische Partei",27,"Für die begangenen Straftaten sollen auch Kinder unter 14 Jahren verurteilt werden können.","stimmt nicht zu","Keine Begründung"
5,"DIE LINKE","DIE LINKE",27,"Für die begangenen Straftaten sollen auch Kinder unter 14 Jahren verurteilt werden können.","stimmt nicht zu","Keine Begründung"
6,"GRÜNE","BÜNDNIS 90/DIE GRÜNEN",27,"Für die begangenen Straftaten sollen auch Kinder unter 14 Jahren verurteilt werden können.","stimmt nicht zu","Keine Begründung"
1,"CDU / CSU","Christlich Demokratische Union Deutschlands / Christlich-Soziale Union in Bayern e.V.",28,"Alle Bürgerinnen und Bürger sollen bei gesetzlichen Krankenkassen versichert sein müssen.","stimmt nicht zu","Keine Begründung"
2,"SPD","Sozialdemokratische Partei Deutschlands",28,"Alle Bürgerinnen und Bürger sollen bei gesetzlichen Krankenkassen versichert sein müssen.","stimmt zu","Keine Begründung"
3,"AfD","Alternative für Deutschland",28,"Alle Bürgerinnen und Bürger sollen bei gesetzlichen Krankenkassen versichert sein müssen.","stimmt nicht zu","Keine Begründung"
4,"FDP","Freie Demokratische Partei",28,"Alle Bürgerinnen und Bürger sollen bei gesetzlichen Krankenkassen versichert sein müssen.","stimmt nicht zu","Keine Begründung"
5,"DIE LINKE","DIE LINKE",28,"Alle Bürgerinnen und Bürger sollen bei gesetzlichen Krankenkassen versichert sein müssen.","stimmt zu","Keine Begründung"
6,"GRÜNE","BÜNDNIS 90/DIE GRÜNEN",28,"Alle Bürgerinnen und Bürger sollen bei gesetzlichen Krankenkassen versichert sein müssen.","stimmt zu","Keine Begründung"
1,"CDU / CSU","Christlich Demokratische Union Deutschlands / Christlich-Soziale Union in Bayern e.V.",29,"Der Bund soll weiterhin Projekte gegen Rechtsextremismus fördern.","stimmt zu","Keine Begründung"
2,"SPD","Sozialdemokratische Partei Deutschlands",29,"Der Bund soll weiterhin Projekte gegen Rechtsextremismus fördern.","stimmt zu","Keine Begründung"
3,"AfD","Alternative für Deutschland",29,"Der Bund soll weiterhin Projekte gegen Rechtsextremismus fördern.","stimmt nicht zu","Keine Begründung"
4,"FDP","Freie Demokratische Partei",29,"Der Bund soll weiterhin Projekte gegen Rechtsextremismus fördern.","stimmt zu","Keine Begründung"
5,"DIE LINKE","DIE LINKE",29,"Der Bund soll weiterhin Projekte gegen Rechtsextremismus fördern.","stimmt zu","Keine Begründung"
6,"GRÜNE","BÜNDNIS 90/DIE GRÜNEN",29,"Der Bund soll weiterhin Projekte gegen Rechtsextremismus fördern.","stimmt zu","Keine Begründung"
1,"CDU / CSU","Christlich Demokratische Union Deutschlands / Christlich-Soziale Union in Bayern e.V.",30,"Der Erwerb von selbstgenutztem Wohneigentum soll bis zu einer bestimmten Höhe steuerfrei sein.","stimmt zu","Keine Begründung"
2,"SPD","Sozialdemokratische Partei Deutschlands",30,"Der Erwerb von selbstgenutztem Wohneigentum soll bis zu einer bestimmten Höhe steuerfrei sein.","stimmt nicht zu","Keine Begründung"
3,"AfD","Alternative für Deutschland",30,"Der Erwerb von selbstgenutztem Wohneigentum soll bis zu einer bestimmten Höhe steuerfrei sein.","stimmt zu","Keine Begründung"
4,"FDP","Freie Demokratische Partei",30,"Der Erwerb von selbstgenutztem Wohneigentum soll bis zu einer bestimmten Höhe steuerfrei sein.","stimmt zu","Keine Begründung"
5,"DIE LINKE","DIE LINKE",30,"Der Erwerb von selbstgenutztem Wohneigentum soll bis zu einer bestimmten Höhe steuerfrei sein.","stimmt nicht zu","Keine Begründung"
6,"GRÜNE","BÜNDNIS 90/DIE GRÜNEN",30,"Der Erwerb von selbstgenutztem Wohneigentum soll bis zu einer bestimmten Höhe steuerfrei sein.","stimmt nicht zu","Keine Begründung"
1,"CDU / CSU","Christlich Demokratische Union Deutschlands / Christlich-Soziale Union in Bayern e.V.",31,"Rüstungsexporte aus Deutschland sollen ausnahmslos verboten werden.","stimmt nicht zu","Keine Begründung"
2,"SPD","Sozialdemokratische Partei Deutschlands",31,"Rüstungsexporte aus Deutschland sollen ausnahmslos verboten werden.","neutral","Keine Begründung"
3,"AfD","Alternative für Deutschland",31,"Rüstungsexporte aus Deutschland sollen ausnahmslos verboten werden.","stimmt nicht zu","Keine Begründung"
4,"FDP","Freie Demokratische Partei",31,"Rüstungsexporte aus Deutschland sollen ausnahmslos verboten werden.","stimmt nicht zu","Keine Begründung"
5,"DIE LINKE","DIE LINKE",31,"Rüstungsexporte aus Deutschland sollen ausnahmslos verboten werden.","stimmt zu","Keine Begründung"
6,"GRÜNE","BÜNDNIS 90/DIE GRÜNEN",31,"Rüstungsexporte aus Deutschland sollen ausnahmslos verboten werden.","stimmt nicht zu","Keine Begründung"
1,"CDU / CSU","Christlich Demokratische Union Deutschlands / Christlich-Soziale Union in Bayern e.V.",32,"Der kontrollierte Verkauf von Cannabis soll generell erlaubt sein.","stimmt nicht zu","Keine Begründung"
2,"SPD","Sozialdemokratische Partei Deutschlands",32,"Der kontrollierte Verkauf von Cannabis soll generell erlaubt sein.","stimmt nicht zu","Keine Begründung"
3,"AfD","Alternative für Deutschland",32,"Der kontrollierte Verkauf von Cannabis soll generell erlaubt sein.","stimmt nicht zu","Keine Begründung"
4,"FDP","Freie Demokratische Partei",32,"Der kontrollierte Verkauf von Cannabis soll generell erlaubt sein.","stimmt zu","Keine Begründung"
5,"DIE LINKE","DIE LINKE",32,"Der kontrollierte Verkauf von Cannabis soll generell erlaubt sein.","stimmt zu","Keine Begründung"
6,"GRÜNE","BÜNDNIS 90/DIE GRÜNEN",32,"Der kontrollierte Verkauf von Cannabis soll generell erlaubt sein.","stimmt zu","Keine Begründung"
1,"CDU / CSU","Christlich Demokratische Union Deutschlands / Christlich-Soziale Union in Bayern e.V.",33,"Der Solidaritätszuschlag soll Ende 2019 vollständig abgeschafft werden.","neutral","Keine Begründung"
2,"SPD","Sozialdemokratische Partei Deutschlands",33,"Der Solidaritätszuschlag soll Ende 2019 vollständig abgeschafft werden.","stimmt nicht zu","Keine Begründung"
3,"AfD","Alternative für Deutschland",33,"Der Solidaritätszuschlag soll Ende 2019 vollständig abgeschafft werden.","stimmt zu","Keine Begründung"
4,"FDP","Freie Demokratische Partei",33,"Der Solidaritätszuschlag soll Ende 2019 vollständig abgeschafft werden.","stimmt zu","Keine Begründung"
5,"DIE LINKE","DIE LINKE",33,"Der Solidaritätszuschlag soll Ende 2019 vollständig abgeschafft werden.","stimmt nicht zu","Keine Begründung"
6,"GRÜNE","BÜNDNIS 90/DIE GRÜNEN",33,"Der Solidaritätszuschlag soll Ende 2019 vollständig abgeschafft werden.","neutral","Keine Begründung"
1,"CDU / CSU","Christlich Demokratische Union Deutschlands / Christlich-Soziale Union in Bayern e.V.",34,"Anerkannten Flüchtlingen, die sich Integrationsmaßnahmen verweigern, sollen die Leistungen gekürzt werden können.","stimmt zu","Keine Begründung"
2,"SPD","Sozialdemokratische Partei Deutschlands",34,"Anerkannten Flüchtlingen, die sich Integrationsmaßnahmen verweigern, sollen die Leistungen gekürzt werden können.","stimmt zu","Keine Begründung"
3,"AfD","Alternative für Deutschland",34,"Anerkannten Flüchtlingen, die sich Integrationsmaßnahmen verweigern, sollen die Leistungen gekürzt werden können.","stimmt zu","Keine Begründung"
4,"FDP","Freie Demokratische Partei",34,"Anerkannten Flüchtlingen, die sich Integrationsmaßnahmen verweigern, sollen die Leistungen gekürzt werden können.","stimmt zu","Keine Begründung"
5,"DIE LINKE","DIE LINKE",34,"Anerkannten Flüchtlingen, die sich Integrationsmaßnahmen verweigern, sollen die Leistungen gekürzt werden können.","stimmt nicht zu","Keine Begründung"
6,"GRÜNE","BÜNDNIS 90/DIE GRÜNEN",34,"Anerkannten Flüchtlingen, die sich Integrationsmaßnahmen verweigern, sollen die Leistungen gekürzt werden können.","neutral","Keine Begründung"
1,"CDU / CSU","Christlich Demokratische Union Deutschlands / Christlich-Soziale Union in Bayern e.V.",35,"Eltern sollen für ihre Kinder bis zum Ende der Grundschulzeit einen Rechtsanspruch auf Ganztagsbetreuung erhalten.","stimmt zu","Keine Begründung"
2,"SPD","Sozialdemokratische Partei Deutschlands",35,"Eltern sollen für ihre Kinder bis zum Ende der Grundschulzeit einen Rechtsanspruch auf Ganztagsbetreuung erhalten.","stimmt zu","Keine Begründung"
3,"AfD","Alternative für Deutschland",35,"Eltern sollen für ihre Kinder bis zum Ende der Grundschulzeit einen Rechtsanspruch auf Ganztagsbetreuung erhalten.","stimmt nicht zu","Keine Begründung"
4,"FDP","Freie Demokratische Partei",35,"Eltern sollen für ihre Kinder bis zum Ende der Grundschulzeit einen Rechtsanspruch auf Ganztagsbetreuung erhalten.","neutral","Keine Begründung"
5,"DIE LINKE","DIE LINKE",35,"Eltern sollen für ihre Kinder bis zum Ende der Grundschulzeit einen Rechtsanspruch auf Ganztagsbetreuung erhalten.","stimmt zu","Keine Begründung"
6,"GRÜNE","BÜNDNIS 90/DIE GRÜNEN",35,"Eltern sollen für ihre Kinder bis zum Ende der Grundschulzeit einen Rechtsanspruch auf Ganztagsbetreuung erhalten.","stimmt zu","Keine Begründung"
1,"CDU / CSU","Christlich Demokratische Union Deutschlands / Christlich-Soziale Union in Bayern e.V.",36,"Der Gottesbezug im Grundgesetz sol bestehen bleiben.","stimmt zu","Keine Begründung"
2,"SPD","Sozialdemokratische Partei Deutschlands",36,"Der Gottesbezug im Grundgesetz sol bestehen bleiben.","stimmt zu","Keine Begründung"
3,"AfD","Alternative für Deutschland",36,"Der Gottesbezug im Grundgesetz sol bestehen bleiben.","stimmt zu","Keine Begründung"
4,"FDP","Freie Demokratische Partei",36,"Der Gottesbezug im Grundgesetz sol bestehen bleiben.","neutral","Keine Begründung"
5,"DIE LINKE","DIE LINKE",36,"Der Gottesbezug im Grundgesetz sol bestehen bleiben.","stimmt nicht zu","Keine Begründung"
6,"GRÜNE","BÜNDNIS 90/DIE GRÜNEN",36,"Der Gottesbezug im Grundgesetz sol bestehen bleiben.","stimmt zu","Keine Begründung"
1,"CDU / CSU","Christlich Demokratische Union Deutschlands / Christlich-Soziale Union in Bayern e.V.",37,"In Deutschland soll es ein bedingungsloses Grundeinkommen geben.","stimmt nicht zu","Keine Begründung"
2,"SPD","Sozialdemokratische Partei Deutschlands",37,"In Deutschland soll es ein bedingungsloses Grundeinkommen geben.","stimmt nicht zu","Keine Begründung"
3,"AfD","Alternative für Deutschland",37,"In Deutschland soll es ein bedingungsloses Grundeinkommen geben.","stimmt nicht zu","Keine Begründung"
4,"FDP","Freie Demokratische Partei",37,"In Deutschland soll es ein bedingungsloses Grundeinkommen geben.","stimmt nicht zu","Keine Begründung"
5,"DIE LINKE","DIE LINKE",37,"In Deutschland soll es ein bedingungsloses Grundeinkommen geben.","neutral","Keine Begründung"
6,"GRÜNE","BÜNDNIS 90/DIE GRÜNEN",37,"In Deutschland soll es ein bedingungsloses Grundeinkommen geben.","neutral","Keine Begründung"
1,"CDU / CSU","Christlich Demokratische Union Deutschlands / Christlich-Soziale Union in Bayern e.V.",38,"Die Zusammenarbeit der Mitgliedsstaaten in der Europäischen Union soll verstärkt werden.","stimmt zu","Keine Begründung"
2,"SPD","Sozialdemokratische Partei Deutschlands",38,"Die Zusammenarbeit der Mitgliedsstaaten in der Europäischen Union soll verstärkt werden.","stimmt zu","Keine Begründung"
3,"AfD","Alternative für Deutschland",38,"Die Zusammenarbeit der Mitgliedsstaaten in der Europäischen Union soll verstärkt werden.","stimmt nicht zu","Keine Begründung"
4,"FDP","Freie Demokratische Partei",38,"Die Zusammenarbeit der Mitgliedsstaaten in der Europäischen Union soll verstärkt werden.","stimmt zu","Keine Begründung"
5,"DIE LINKE","DIE LINKE",38,"Die Zusammenarbeit der Mitgliedsstaaten in der Europäischen Union soll verstärkt werden.","neutral","Keine Begründung"
6,"GRÜNE","BÜNDNIS 90/DIE GRÜNEN",38,"Die Zusammenarbeit der Mitgliedsstaaten in der Europäischen Union soll verstärkt werden.","stimmt zu","Keine Begründung"
